epoch,train_accuracy,test_accuracy
1,0.9,0.6666666666666666
2,1.0,0.3333333333333333
3,1.0,0.3333333333333333
4,1.0,0.3333333333333333
5,1.0,0.3333333333333333
6,1.0,0.3333333333333333
7,1.0,0.3333333333333333
8,1.0,0.3333333333333333
9,1.0,0.3333333333333333
10,1.0,0.3333333333333333
11,1.0,0.3333333333333333
12,1.0,0.3333333333333333
